<?xml version="1.0" encoding="UTF-8"?>
<!--
  Licensed to the Apache Software Foundation (ASF) under one or more
  contributor license agreements.  See the NOTICE file distributed with
  this work for additional information regarding copyright ownership.
  The ASF licenses this file to You under the Apache License, Version 2.0
  (the "License"); you may not use this file except in compliance with
  the License.  You may obtain a copy of the License at

    http://www.apache.org/licenses/LICENSE-2.0

  Unless required by applicable law or agreed to in writing, software
  distributed under the License is distributed on an "AS IS" BASIS,
  WITHOUT WARRANTIES OR CONDITIONS OF ANY KIND, either express or implied.
  See the License for the specific language governing permissions and
  limitations under the License.
  -->
<!-- Note:  A "Server" is not itself a "Container", so you may not
   define subcomponents such as "Valves" at this level.
   Documentation at /docs/config/server.html
  -->
<Server port="8005" shutdown="SHUTDOWN">
   <Listener className="org.apache.catalina.startup.VersionLoggerListener" />
   <!-- Security listener. Documentation at /docs/config/listeners.html
  <Listener className="org.apache.catalina.security.SecurityListener" />
  -->
   <!--APR library loader. Documentation at /docs/apr.html -->
   <Listener className="org.apache.catalina.core.AprLifecycleListener" SSLEngine="on" />
   <!--Initialize Jasper prior to webapps are loaded. Documentation at /docs/jasper-howto.html -->
   <Listener className="org.apache.catalina.core.JasperListener" />
   <!-- Prevent memory leaks due to use of particular java/javax APIs-->
   <Listener className="org.apache.catalina.core.JreMemoryLeakPreventionListener" />
   <Listener className="org.apache.catalina.mbeans.GlobalResourcesLifecycleListener" />
   <Listener className="org.apache.catalina.core.ThreadLocalLeakPreventionListener" />
   <!-- Global JNDI resources
     Documentation at /docs/jndi-resources-howto.html
   -->
   <GlobalNamingResources>
      <Resource name="UserDatabase" auth="Container" type="org.apache.catalina.UserDatabase" description="User database that can be updated and saved" factory="org.apache.catalina.users.MemoryUserDatabaseFactory" pathname="conf/tomcat-users.xml" />
      <Resource type="javax.sql.DataSource" name="jdbc/mifosplatform-tenants" factory="org.apache.tomcat.jdbc.pool.DataSourceFactory" driverClassName="org.drizzle.jdbc.DrizzleDriver" url="jdbc:mysql:thin://dbmc-mysql-node:3306/mifosplatform-tenants" username="root" password="password" initialSize="3" maxActive="10" maxIdle="6" minIdle="3" validationQuery="SELECT 1" testOnBorrow="true" testOnReturn="true" testWhileIdle="true" timeBetweenEvictionRunsMillis="30000" minEvictableIdleTimeMillis="60000" logAbandoned="true" suspectTimeout="60" />
   </GlobalNamingResources>
   <Service name="Catalina">
      <Connector protocol="org.apache.coyote.http11.Http11Protocol" port="8443" maxThreads="200" scheme="https" secure="true" SSLEnabled="true" 
	keystoreFile="/home/sid/tomcat/yourkeystore.jks" 
	keystorePass="changeit" 
	clientAuth="false" sslProtocol="TLS" URIEncoding="UTF-8" compression="force" 
	compressableMimeType="text/html,text/xml,text/plain,text/javascript,text/css" />
      <Connector port="8009" protocol="AJP/1.3" redirectPort="8443" />
      <Engine name="Catalina" defaultHost="localhost">
         <Realm className="org.apache.catalina.realm.LockOutRealm">
            <Realm className="org.apache.catalina.realm.UserDatabaseRealm" resourceName="UserDatabase" />
         </Realm>
         <Host name="localhost" appBase="webapps" unpackWARs="true" autoDeploy="true">
            <Valve className="org.apache.catalina.valves.AccessLogValve" directory="logs" prefix="localhost_access_log." suffix=".txt" pattern="%h %l %u %t &quot;%r&quot; %s %b" />
         </Host>
      </Engine>
   </Service>
</Server>
